Id,Name,Age,Phone,InBlackList,PassportId
9fa121d3-a2b7-44d7-93a7-2e97f30e5017,Суворова Вероника,24,426-8356-942,False,0589a8b7-a864-45a1-932c-92ba3e715003
038ba921-e896-4c6d-83f2-4843b24affec,Зуева Нина,20,049-9831-214,False,6db45a50-3ca7-4433-acb8-4cfedbc6127f
10d35fcb-71ae-47ca-8573-4f3ac11113da,Капустин Егор,28,944-3535-900,False,04270072-2549-4161-8c57-249b13aa3435
19218e0b-0a72-4f10-b461-08c98da8e8d0,Лобанов Сергей,24,083-7846-839,False,fb8993f1-2eb7-408c-9ae7-d4ca2f85a2d2
9711b9aa-f77d-43dd-b89b-9f76abfb831d,Агафонов Юрий,39,603-7825-322,False,59f14134-4b3a-4caa-9783-78d9e584dbfc
23e0e5b8-ebdf-4fde-a8c7-bd6932d4d856,Агафонова Валерия,19,793-0299-282,False,2e469681-e172-4a57-a7b9-ffe5ed3f5c2c
916e7ddc-4ebd-4d40-bf38-e6423a90ad28,Федоров Евгений,21,854-9833-307,False,48971abc-a67a-45e4-bd73-48f29f408d9a
1a2588de-74ee-46e8-a469-75dba6923c03,Муравьев Георгий,20,072-5685-107,False,e5a3868d-6153-45c2-91f9-04d8bab79c29
542932f3-6bcc-470b-b000-8794da6ead09,Емельянов Георгий,22,971-7572-075,False,de4b66ad-9cdb-4b21-9b7a-dfb883b88ad1
b5f2e1ed-d9a2-4a0f-ae4a-f3694d93399b,Миронов Герман,26,245-7912-568,False,90ec0f10-ff41-42a1-94ee-49e080b7a0ca
82fa7fa1-83bf-4122-a03e-44a51de0a6ae,Буров Герман,40,679-8107-664,False,71351792-4938-4948-a897-623e0805b3a4
e5b1037e-c539-430c-bcf6-ab4a702b0646,Хохлов Роман,36,783-1723-097,False,b36a1f79-63ce-40de-95b6-d93d59653380
8999ae81-cd62-48f8-b481-ff0f869c9b7c,Громов Виталий,41,242-9729-084,False,2b008fa2-1465-4e24-b106-df049d5ec61d
a1c30214-7b49-429f-a5f2-16b0b300b92e,Калинина Анжела,43,050-7145-871,False,64ead88e-0233-41b9-953b-67e3f2d8e15a
55f03e27-d674-4814-9749-55fb3e88661d,Миронов Василий,40,788-0180-280,False,69450f01-7ecf-489b-a728-07a3a363404c
30a647b1-962b-4b09-8078-5cebff9a38cb,Морозов Андрей,37,146-1677-607,False,4d3fc716-fe04-4824-80f0-7cea2a1cc101
e015b7ed-24c1-4e89-98dd-2bfa0d4c1168,Бирюков Сергей,34,328-1725-176,False,4e7b0f65-0dc6-444e-b0fd-9f989b7df2fc
9ee569ec-a471-4952-ba92-fcb727872518,Зиновьев Матвей,34,862-3913-128,False,47e50705-a0f8-4cc2-9a5e-355bdb4c87e1
c98dcf0c-8752-4741-b17e-9fbe90cf1536,Егорова Ангелина,20,497-0474-443,False,1ad16cb0-7d4b-4a8f-9dd2-072898ea789a
f8f3a8c3-6dd3-4977-8137-8346f9eea2fb,Лукина Ксения,20,289-9780-359,False,e96b4d23-306f-4427-986d-64c214d4e6e9
4325308d-a3b7-44dd-abe3-4c002a980ccb,Ширяев Лука,31,220-5058-999,False,18f3f27e-3d27-40bc-8293-4196e252ae06
5d6957e5-3d35-475b-8078-45638ab086ce,Федотова Лариса,22,080-5578-109,False,612a0f26-f65a-4083-9bdb-0afa78f69871
bb9e193d-0200-4cc6-86b6-9950573a4f4f,Пономарев Матвей,38,888-6213-518,False,cc063bff-1fd5-491d-bec9-584510586e9c
76e60572-4052-4a49-8006-c79b3b875655,Молчанова Римма,37,923-8667-576,False,5789ff44-d308-4afb-9201-b578f7cfcddc
68d18cc8-595d-4ace-962c-2895034ef473,Власова Татьяна,26,753-0982-598,False,d9807db0-508a-463a-ac9e-52f15b70166d
12bb5234-6006-4734-887e-58c8edff2485,Шилов Борис,37,963-1350-115,False,d8d3b58c-08e6-4848-8368-b2558397cdda
ec327893-ec75-47aa-870d-f62780de4a48,Фролова Маргарита,27,863-3703-282,False,bafc9af1-ed4a-4ad2-9c45-e598bdf7d677
6299e965-aca6-4dae-ae0f-e568ec713cff,Шарова Надежда,40,246-9947-243,False,d04e1193-a282-4fc3-afd8-544adfe7e334
150bfe68-3e71-4b82-9db4-0fcd6f13b0bd,Ковалева Ольга,42,081-3860-012,False,1deb23a8-4a18-4ee4-a863-8215e49d7868
901f0aa6-3f8f-4071-b30f-929827eb5a0c,Мясникова Анжелика,28,755-8993-176,False,faaf217c-c681-40a2-8b4b-2cb3c468f183
1dcd937a-620c-46d8-9b60-dc9f9294a0ed,Волкова Елизавета,30,332-6445-214,False,3d8acc3d-37f5-46d0-919a-fcb0113d316f
95c2fdca-73d0-41ef-b205-e80cfa75d226,Копылов Вадим,25,632-9587-896,False,a0fd523d-54b7-42d0-8a0d-889e030e611c
88a8657f-45c9-4371-a701-8a34fe67a373,Прохорова Василиса,37,955-0395-524,False,c5fc1e50-c902-47d0-9967-62ed5389ca6e
5aee6471-cb61-4a12-8e1a-f4b263435c3c,Самойлов Макар,34,329-5716-022,False,bf5cfa67-2b3e-4576-ad18-11c1d527a04d
5063be5d-a07c-448e-bea3-f31dae7da66b,Мухин Денис,32,362-6098-915,False,4059c570-7b94-4189-aa78-2c19062944ad
8b832431-236b-4715-8d36-ced1ade84e6a,Кузьмин Олег,24,051-3153-794,False,868adba6-f099-49be-b6d9-3030bcad09bc
48ddc14a-8336-453b-ad7b-ed70c41215a1,Федосеева Алевтина,39,184-8055-884,False,65fdcd6c-5281-41e1-bf7f-4f49ef731a03
1ab453c7-00dd-457a-b90e-00493ffeed14,Авдеева Марина,33,329-0862-750,False,d1b4611d-bc33-43f3-9518-9ea81c0aca6a
6bbcc643-b717-4554-83ad-e8eea2c4e860,Мухин Михаил,38,985-7802-680,False,ed071377-0a70-413d-87ce-e5d7d13848f9
050d2dd1-7a52-47ef-8275-7bcf5d1a820f,Гаврилова Лариса,30,197-1094-095,False,4687b355-311f-4b9c-b4f2-4f4310d39089
e719c2f5-93f0-4b1a-a942-6d1b623438c0,Гаврилов Анатолий,23,889-4956-145,False,b425c510-39a8-438a-9c8b-d4060a64d598
99d07617-05dd-4aeb-a873-78305552785d,Горшков Арсений,33,044-4105-356,False,de481722-2c4d-4182-a5ec-7f2b48947d61
23cf3682-fe7f-47b5-a906-010f4be10b91,Тихонова Мария,33,474-2965-627,False,bf19dee6-d916-42f7-a0f7-2bec146d6f82
2917fe92-6838-4a65-8254-b52be5123124,Трофимов Георгий,41,432-8938-840,False,c3ad4e2d-1be4-4c62-b18d-568423cc0108
9049e53a-0687-4c95-aefe-61fbf000d99f,Анисимова Татьяна,38,745-7160-802,False,ad2ab432-7303-4f82-acc4-188dca5f58e7
d272465f-7adf-42f6-9966-384540b799a5,Михайлов Михаил,23,468-5204-970,False,5fc2ae3e-7a3e-4eed-b52c-57df7a3df267
82f86965-000e-4c99-9f7b-ba7377914888,Титов Никита,36,891-5462-066,False,a3358108-9f58-44bb-a827-51722bf485a5
fa06359e-26f1-4e76-8b1c-cd4fddeb52ca,Гордеева Татьяна,23,041-2554-564,False,26a5d930-6517-4ee9-9b84-2910f07d0609
bac8c852-2d70-44ee-be26-17299a03b15f,Щукин Леонид,20,261-9478-475,False,6b485d72-4143-46e5-9f8f-8d326c132d9f
8ab9cd43-e4f4-442c-80a8-358af71c34df,Воронцова Алина,34,346-7553-825,False,b25d2f53-f2ba-4d11-a0bc-91dc5540d129
679b3fbd-03d4-4a10-9b50-6e9f3ce8230f,Лихачев Геннадий,36,210-4618-397,False,d8696907-f403-402c-8564-46cf3cde702a
133a491c-94a0-4dfe-b041-bfa3ffa7ba09,Полякова Ангелина,21,310-4240-968,False,7f8ff3fa-26a9-44a7-a9cd-a9001b7449ae
5ae10ec4-1e55-40ad-abf4-7239286ee62d,Некрасов Геннадий,29,362-1601-004,False,e86f28b8-d4e4-4559-970c-321fe7b8c5de
62354f18-604c-47df-b026-f70ea0d55102,Белоусов Вячеслав,23,166-3285-145,False,f59a48a5-fa00-4ae0-9d53-d9da495a6a57
25d83c31-ccc7-4ebb-a76b-4de35ec31b73,Мишин Макар,22,582-0380-891,False,5976af56-a6fe-46e9-8d31-bcb6721abb39
e7e4e0d9-f7b0-471c-a90a-e9135324dd36,Носкова Регина,20,821-2150-356,False,fde77afd-2c7a-4644-9dc1-3bdb6884da0f
55024fda-e1a2-43c1-93be-3326436adbae,Матвеев Даниил,21,592-4871-712,False,6d95ccd2-4c98-4807-9f51-c2d7c91903d7
6059cde2-1832-4c57-ba79-1f9607a838ef,Юдина Валентина,20,909-6163-432,False,b264b847-2292-43a2-9824-5da2757c6130
043ec99c-99f0-4b7f-8ba5-eed57e25f643,Владимиров Макар,19,832-0156-937,False,2e23e68c-d1c5-4c51-9581-65fa1da3a135
a58f98e0-9c5a-4c6c-982c-05a4d15a7cd9,Калинина Татьяна,38,255-9079-620,False,7ae33c47-cb01-47bc-b818-1f8b56a4c047
bd9a2875-b32d-4ff3-ad2e-5aee315e2f60,Носова Надежда,21,910-9130-333,False,31177ced-4aaf-4a04-a46f-1e5df13263b6
9cc846d7-1886-47f2-9dc0-880125ecfd0b,Рогова Екатерина,21,111-0357-504,False,bebcf23c-0a11-4449-9716-3c29a584dccf
e1d88c56-f578-4f2f-9f55-a93e408b704c,Лапина Алевтина,24,187-2242-563,False,c40fac43-a6b2-40b4-917d-1eed3a21584b
5f239967-4892-4198-aca9-1861bcd2e53e,Морозова Александра,24,260-7498-128,False,289e3469-3773-4dbd-8edb-7b8edc410685
45b0454d-ab91-458d-a3a7-ac5d9b01c5bd,Бобылев Семён,39,504-1687-737,False,3486a076-6792-4510-a2f1-c3db4b81347d
4f18bdf3-b62d-449c-b963-35217bb52cc8,Кошелева Анжела,23,551-3550-212,False,4a182bff-0df5-4d77-bc02-a47a919e2d22
4e794936-8683-413a-b1cc-619a760f125a,Панфилов Альберт,38,073-5356-842,False,5a1de445-9a61-452b-aef2-59aa68bd3470
b9263d0f-d9e8-4a9f-b6a8-72ab22719878,Панфилова Оксана,31,329-7061-649,False,21edede1-e1f4-4594-ac61-ddb749d7aadd
31ebea4e-3e29-4a2f-b9b9-368af43f6153,Максимова Лидия,19,258-5964-151,False,1e8cd2ec-1218-43f1-b0d4-a119ed3d6223
e3f27759-e33f-41b8-8fe8-1926f1d18945,Новиков Василий,32,841-3791-402,False,be35ed96-5883-4458-8271-731bb9617227
185c509e-0a6f-4f52-91a3-d0f8973c9e8e,Архипова Антонина,27,130-3311-380,False,5d9f651d-91a5-4bf1-8fcc-115446d07e95
9012248a-31b5-41ab-96da-d04be48e27f6,Никонов Степан,23,321-3997-679,False,75d819f4-4884-4d3c-907c-de3f0ad222a1
cfe4e77f-cca5-430d-9d8e-a40d7b705e38,Миронов Евгений,30,704-3127-126,False,5793dfe9-122b-4df5-84f7-b4da8c004629
b93bd595-cfb1-4b7a-ac5f-92763e39b9b1,Шестакова Жанна,33,771-2209-392,False,a1dd222f-c753-44ec-ad7c-0cd7f1dc8c4d
74a678fb-3a81-43c5-867e-dff2bc1b328b,Лебедев Юрий,33,010-2706-400,False,899b236d-4545-482c-9b9b-12fed1eedde0
05ad242a-1f83-48bf-9d22-452097b048fb,Коновалов Макар,36,688-5216-325,False,0313f4e5-07a4-4d99-8f3d-6c1ea4e19428
b4464199-ebc3-4512-a2a1-bdb15c95231c,Михеев Никита,40,104-9317-764,False,648817e4-1b1e-412f-a83f-90b42ec626c1
8e990096-99bf-4b7e-89b2-195d4485e064,Лихачева Галина,28,748-3271-277,False,fe793b54-9cea-4654-93cc-7ac8b13b3a57
3ac22339-59b0-4011-a87b-ebe2a6cd4d76,Павлова Таисия,30,034-3970-001,False,71096bbb-aa34-4ec4-801c-6a113db550f9
4ca9285e-e130-4c61-a761-0deefb67d1f0,Тимофеева Вера,31,058-9956-688,False,0344c92c-df55-48de-94be-dfa8bd12c889
868dd15f-0473-420e-bd4b-99bd916ac0ef,Муравьев Лука,20,047-8510-731,False,58d74d1d-e1b3-4365-8f70-25d8d8f9c3a8
b1925d7c-566c-490b-870c-54beac4dfe1b,Комиссаров Егор,37,518-2612-472,False,e2f72809-918f-43d8-b121-e2ca2dc262a1
74d1b47c-0d19-43af-9d8d-e5aecacb8557,Николаева Алёна,28,291-3779-441,False,a6a84717-8db8-4808-8368-8d994fb87a60
41ead313-ab91-4401-ba29-dd89d9684ffc,Сысоева Екатерина,21,045-0766-594,False,d9f6332f-39f0-444a-bc48-a795f6b159e1
3543b104-d2cf-41f8-b1d7-6323acdfa063,Кузнецова Алла,25,012-0986-272,False,134ea139-0d25-4092-9e6d-feb1f3f13237
9ecf4b26-42e3-4a32-9738-3a67b9b7519a,Захаров Владислав,36,726-6259-412,False,e763590b-5e7b-47f8-adc3-a0e77f3a6d20
d2152a72-6c68-4c85-8b18-c27d5defe0fd,Соколова Евгения,19,022-7568-232,False,8267090d-6360-4f53-9317-c77b06b63ec3
cb55a191-e100-4bf5-b033-ea3f73f1a006,Кириллова Светлана,35,414-4597-064,False,5926009c-d413-4477-83db-5b93f0a6bbcb
631217d6-6bab-4608-a2b1-de66b8287ad2,Казаков Владислав,25,281-3315-439,False,983c04e3-4693-4d40-ac95-75bc6a79c5eb
88dfb512-0aa9-44ab-8e56-d8771cbb2f01,Семенов Валентин,22,564-1565-983,False,1448f351-41a4-486e-bdc9-0a0deda0d94a
b3ef91c0-4775-4f1f-8816-26d1547fa8b4,Боброва Алевтина,20,988-0274-519,False,9f06c8b0-f222-4d20-91ae-19d632d64e72
e105d354-f0cf-47f4-a00d-d9bc8f354983,Потапов Виктор,27,513-6702-663,False,bb0d6a8c-587b-4d35-b7fe-3903860b4ea3
0207f8b8-b7ce-4e11-92ee-13d103634343,Денисов Антон,31,606-9588-697,False,797cc772-605d-4be8-b9e4-24a809939b6a
ed77b8ea-1d07-4387-95b1-cb202578c816,Агафонов Сергей,36,813-6593-866,False,700c5ea9-b02a-4287-8ee4-e2c1966e18d4
9fb6d4c9-3718-489e-a57a-fad2410f968e,Шашкова Арина,30,224-9899-221,False,e6c7377a-2e34-42d8-999c-dda983979dbc
31da88f7-e374-43b0-aa98-cff016658d2c,Кулагина Александра,36,498-2445-437,False,39a0aa87-ae88-4ba9-9ecb-0c5cc13972d5
0a9d1686-407b-4402-a4dd-d3b4797b1ff2,Моисеев Владимир,32,219-3569-181,False,65c44257-6f79-41c6-b54a-573f2071b29c
f3344d8a-0fc1-43de-a108-c2167173d704,Носков Герман,32,690-7791-193,False,ffd0adf4-5480-49ef-880d-eaf3553e036b
3277e9a9-e1b0-42e7-b48b-fa057e3ef729,Игнатьева Любовь,31,263-4620-166,False,5fbc0369-b163-49bb-91aa-5a07dc80badd
694f643f-3d3f-4935-b749-2485dec0a9e9,Денисова Римма,40,706-0000-370,False,95c2c54f-0715-4129-bf69-20cf2be45136
71ce72d0-f0bb-4912-ad8e-910e48369c3c,Зайцев Григорий,24,863-1603-589,False,b979e04d-daa3-400e-93da-031264d2aee9
ba40caa7-63ce-428a-bd3f-ddd4b1036538,Григорьев Матвей,24,463-6313-533,False,ab7325b8-6f4b-447c-9b6e-c60e6d7dd4b3
b2a2c629-32b4-45e6-97e9-9da250b21200,Кулаков Константин,23,046-0316-387,False,7c055e19-278d-4b89-95dc-61d87a7e7a27
96432e47-6074-44c5-88a2-079ec4eeb651,Дроздов Лука,25,682-3075-410,False,8ba4df9c-e739-4aed-bfea-be0d6ecfa59a
